date,equity
2018-10-16,100000.0
2018-10-17,100000.0
2018-10-18,100000.0
2018-10-19,100000.0
2018-10-22,100000.0
2018-10-23,100000.0
2018-10-24,100000.0
2018-10-25,100000.0
2018-10-26,100000.0
2018-10-29,100000.0
2018-10-30,100000.0
2018-10-31,100000.0
2018-11-01,100000.0
2018-11-02,100000.0
2018-11-05,100000.0
2018-11-06,100000.0
2018-11-07,100000.0
2018-11-08,100000.0
2018-11-09,100000.0
2018-11-12,100000.0
2018-11-13,100000.0
2018-11-14,100000.0
2018-11-15,100000.0
2018-11-16,100000.0
2018-11-19,100000.0
2018-11-20,100000.0
2018-11-21,100000.0
2018-11-23,100000.0
2018-11-26,100000.0
2018-11-27,100000.0
2018-11-28,100000.0
2018-11-29,100000.0
2018-11-30,100000.0
2018-12-03,99497.0
2018-12-04,99497.0
2018-12-06,99497.0
2018-12-07,99497.0
2018-12-10,99497.0
2018-12-11,99497.0
2018-12-12,99497.0
2018-12-13,99497.0
2018-12-14,99497.0
2018-12-19,99497.0
2018-12-20,99497.0
2018-12-21,99497.0
2018-12-24,99497.0
2018-12-26,99497.0
2018-12-27,99497.0
2018-12-28,99497.0
2018-12-31,99497.0
2019-01-02,99497.0
2019-01-03,99497.0
2019-01-04,99497.0
2019-01-07,99497.0
2019-01-08,99497.0
2019-01-09,99497.0
2019-01-10,99497.0
2019-01-11,99497.0
2019-01-14,99497.0
2019-01-15,99497.0
2019-01-16,99469.0
2019-01-17,99469.0
2019-01-18,99469.0
2019-01-22,99469.0
2019-01-23,99316.0
2019-01-24,99316.0
2019-01-25,99475.5
2019-01-28,99475.5
2019-01-29,99475.5
2019-01-30,99475.5
2019-01-31,99475.5
2019-02-01,99475.5
2019-02-04,99475.5
2019-02-05,99522.5
2019-02-06,99522.5
2019-02-07,99522.5
2019-02-08,99522.5
2019-02-11,99522.5
2019-02-12,99522.5
2019-02-13,99522.5
2019-02-14,99522.5
2019-02-15,99519.5
2019-02-19,99519.5
2019-02-20,99519.5
2019-02-21,99519.5
2019-02-22,99519.5
2019-02-25,99519.5
2019-02-26,99519.5
2019-02-27,99519.5
2019-02-28,99519.5
2019-03-01,99519.5
2019-03-04,99519.5
2019-03-05,99519.5
2019-03-06,99519.5
2019-03-07,99519.5
2019-03-08,99519.5
2019-03-11,99519.5
2019-03-12,99519.5
2019-03-13,99519.5
2019-03-14,99519.5
2019-03-15,99519.5
2019-03-18,99519.5
2019-03-19,99519.5
2019-03-20,99519.5
2019-03-21,99519.5
2019-03-22,99519.5
2019-03-25,99519.5
2019-03-26,99519.5
2019-03-27,99519.5
2019-03-28,99519.5
2019-03-29,98829.0
2019-04-01,99088.5
2019-04-02,99088.5
2019-04-03,99088.5
2019-04-04,99088.5
2019-04-05,99088.5
2019-04-08,99088.5
2019-04-09,99088.5
2019-04-10,99088.5
2019-04-11,99088.5
2019-04-12,99088.5
2019-04-15,99088.5
2019-04-16,99088.5
2019-04-17,99088.5
2019-04-18,99088.5
2019-04-22,99088.5
2019-04-23,99088.5
2019-04-24,99088.5
2019-04-25,99088.5
2019-04-26,99088.5
2019-04-29,99088.5
2019-04-30,99088.5
2019-05-01,99088.5
2019-05-02,99088.5
2019-05-03,98498.0
2019-05-06,98498.0
2019-05-07,98498.0
2019-05-08,98498.0
2019-05-09,98498.0
2019-05-10,98498.0
2019-05-13,98498.0
2019-05-14,98398.57142857143
2019-05-15,97772.35714285714
2019-05-16,97294.35714285714
2019-05-17,97294.35714285714
2019-05-20,97294.35714285714
2019-05-21,97294.35714285714
2019-05-22,97294.35714285714
2019-05-23,97294.35714285714
2019-05-24,97294.35714285714
2019-05-28,97294.35714285714
2019-05-29,97294.35714285714
2019-05-30,97294.35714285714
2019-05-31,97294.35714285714
2019-06-03,97294.35714285714
2019-06-04,97294.35714285714
2019-06-05,97294.35714285714
2019-06-06,97294.35714285714
2019-06-07,97294.35714285714
2019-06-10,97294.35714285714
2019-06-11,97294.35714285714
2019-06-12,97294.35714285714
2019-06-13,97294.35714285714
2019-06-14,98916.35714285714
2019-06-17,98916.35714285714
2019-06-18,98916.35714285714
2019-06-19,98916.35714285714
2019-06-20,98916.35714285714
2019-06-21,98916.35714285714
2019-06-24,98916.35714285714
2019-06-25,98916.35714285714
2019-06-26,98916.35714285714
2019-06-27,98916.35714285714
2019-06-28,97233.0
2019-07-01,96817.5
2019-07-02,96817.5
2019-07-03,96817.5
2019-07-05,96817.5
2019-07-08,96817.5
2019-07-09,96817.5
2019-07-10,96817.5
2019-07-11,96817.5
2019-07-12,96817.5
2019-07-15,96817.5
2019-07-16,96877.0
2019-07-17,96877.0
2019-07-18,96877.0
2019-07-19,96877.0
2019-07-22,96877.0
2019-07-23,96877.0
2019-07-24,96877.0
2019-07-25,96877.0
2019-07-26,96877.0
2019-07-29,96877.0
2019-07-30,96877.0
2019-07-31,96877.0
2019-08-01,96877.0
2019-08-02,96877.0
2019-08-05,96877.0
2019-08-06,96877.0
2019-08-07,96877.0
2019-08-08,96877.0
2019-08-09,96877.0
2019-08-12,96877.0
2019-08-13,96877.0
2019-08-14,96877.0
2019-08-15,96877.0
2019-08-16,96877.0
2019-08-19,96877.0
2019-08-20,96877.0
2019-08-21,96877.0
2019-08-22,96877.0
2019-08-23,96877.0
2019-08-26,96877.0
2019-08-27,96877.0
2019-08-28,96877.0
2019-08-29,96877.0
2019-08-30,96877.0
2019-09-03,96877.0
2019-09-04,96877.0
2019-09-05,96877.0
2019-09-06,96877.0
2019-09-09,96877.0
2019-09-10,96877.0
2019-09-11,96877.0
2019-09-12,96877.0
2019-09-13,96877.0
2019-09-16,96877.0
2019-09-17,96877.0
2019-09-18,96877.0
2019-09-19,96877.0
2019-09-20,96877.0
2019-09-23,96877.0
2019-09-24,96877.0
2019-09-25,96877.0
2019-09-26,96877.0
2019-09-27,96877.0
2019-09-30,96877.0
2019-10-01,96877.0
2019-10-02,96877.0
2019-10-03,96877.0
2019-10-04,96877.0
2019-10-07,96877.0
2019-10-08,96877.0
2019-10-09,96877.0
2019-10-10,96877.0
2019-10-11,96877.0
2019-10-14,96877.0
2019-10-15,96877.0
2019-10-16,96877.0
2019-10-17,96877.0
2019-10-18,96877.0
2019-10-21,96877.0
2019-10-22,96877.0
2019-10-23,96877.0
2019-10-24,96877.0
2019-10-25,96877.0
2019-10-28,96877.0
2019-10-29,96877.0
2019-10-30,96877.0
2019-10-31,96877.0
2019-11-01,96877.0
2019-11-04,96877.0
2019-11-05,96877.0
2019-11-06,96877.0
2019-11-07,96877.0
2019-11-08,96877.0
2019-11-11,97074.0
2019-11-12,97074.0
2019-11-13,97074.0
2019-11-14,97074.0
2019-11-15,97074.0
2019-11-18,97074.0
2019-11-19,97074.0
2019-11-20,97074.0
2019-11-21,97074.0
2019-11-22,97074.0
2019-11-25,97074.0
2019-11-26,97074.0
2019-11-27,97074.0
2019-11-29,97074.0
2019-12-02,97074.0
2019-12-03,97074.0
2019-12-04,97074.0
2019-12-05,97074.0
2019-12-06,97074.0
2019-12-09,97074.0
2019-12-10,97074.0
2019-12-11,97074.0
2019-12-12,97608.5
2019-12-13,97608.5
2019-12-16,97091.21428571429
2019-12-17,96988.21428571429
2019-12-18,96988.21428571429
2019-12-19,96988.21428571429
2019-12-20,96988.21428571429
2019-12-23,96988.21428571429
2019-12-24,96988.21428571429
2019-12-26,96988.21428571429
2019-12-27,96988.21428571429
2019-12-30,96988.21428571429
2019-12-31,96988.21428571429
2020-01-02,96988.21428571429
2020-01-03,96988.21428571429
2020-01-06,96988.21428571429
2020-01-07,96988.21428571429
2020-01-08,96988.21428571429
2020-01-09,96988.21428571429
2020-01-10,96988.21428571429
2020-01-13,96988.21428571429
2020-01-14,96988.21428571429
2020-01-15,96988.21428571429
2020-01-16,96988.21428571429
2020-01-17,96988.21428571429
2020-01-21,97072.71428571429
2020-01-22,97072.71428571429
2020-01-23,97072.71428571429
2020-01-24,97072.71428571429
2020-01-27,97072.71428571429
2020-01-28,97072.71428571429
2020-01-29,97072.71428571429
2020-01-30,97072.71428571429
2020-01-31,97072.71428571429
2020-02-03,97072.71428571429
2020-02-04,97072.71428571429
2020-02-05,97144.71428571429
2020-02-06,97144.71428571429
2020-02-07,97144.71428571429
2020-02-10,97229.21428571429
2020-02-11,97229.21428571429
2020-02-12,97229.21428571429
2020-02-13,97401.21428571429
2020-02-14,97401.21428571429
2020-02-18,97401.21428571429
2020-02-19,97260.71428571429
2020-02-20,97260.71428571429
2020-02-21,97260.71428571429
2020-02-24,97260.71428571429
2020-02-25,97260.71428571429
2020-02-26,97260.71428571429
2020-02-27,97260.71428571429
2020-02-28,97260.71428571429
2020-03-02,97260.71428571429
2020-03-03,97260.71428571429
2020-03-04,96832.71428571429
2020-03-05,96832.71428571429
2020-03-06,96832.71428571429
2020-03-09,96832.71428571429
2020-03-10,96832.71428571429
2020-03-11,96832.71428571429
2020-03-12,96832.71428571429
2020-03-13,96832.71428571429
2020-03-16,96832.71428571429
2020-03-17,96832.71428571429
2020-03-18,98779.71428571429
2020-03-19,98779.71428571429
2020-03-20,98779.71428571429
2020-03-23,98779.71428571429
2020-03-24,98779.71428571429
2020-03-25,98779.71428571429
2020-03-26,98779.71428571429
2020-03-27,98779.71428571429
2020-03-30,98779.71428571429
2020-03-31,98779.71428571429
2020-04-01,98779.71428571429
2020-04-02,98779.71428571429
2020-04-03,99426.71428571429
2020-04-06,99426.71428571429
2020-04-07,99426.71428571429
2020-04-08,99426.71428571429
2020-04-09,99426.71428571429
2020-04-13,99426.71428571429
2020-04-14,99426.71428571429
2020-04-15,99961.21428571429
2020-04-16,99961.21428571429
2020-04-17,99961.21428571429
2020-04-20,99961.21428571429
2020-04-21,100208.21428571429
2020-04-22,100208.21428571429
2020-04-23,100208.21428571429
2020-04-24,100208.21428571429
2020-04-27,100208.21428571429
2020-04-28,101030.21428571429
2020-04-29,101030.21428571429
2020-04-30,101030.21428571429
2020-05-01,101030.21428571429
2020-05-04,101030.21428571429
2020-05-05,101030.21428571429
2020-05-06,101030.21428571429
2020-05-07,101030.21428571429
2020-05-08,101030.21428571429
2020-05-11,101030.21428571429
2020-05-12,101030.21428571429
2020-05-13,101030.21428571429
2020-05-14,101030.21428571429
2020-05-15,100639.71428571429
2020-05-18,100639.71428571429
2020-05-19,100639.71428571429
2020-05-20,100699.21428571429
2020-05-21,100699.21428571429
2020-05-22,100699.21428571429
2020-05-26,100699.21428571429
2020-05-27,100621.21428571429
2020-05-28,100621.21428571429
2020-05-29,100621.21428571429
2020-06-01,100621.21428571429
2020-06-02,100621.21428571429
2020-06-03,100621.21428571429
2020-06-04,100621.21428571429
2020-06-05,100621.21428571429
2020-06-08,100621.21428571429
2020-06-09,100621.21428571429
2020-06-10,100621.21428571429
2020-06-11,100621.21428571429
2020-06-12,100621.21428571429
2020-06-15,100621.21428571429
2020-06-16,100621.21428571429
2020-06-17,100621.21428571429
2020-06-18,100621.21428571429
2020-06-19,100621.21428571429
2020-06-22,100621.21428571429
2020-06-23,100621.21428571429
2020-06-24,100621.21428571429
2020-06-25,100621.21428571429
2020-06-26,100621.21428571429
2020-06-29,100621.21428571429
2020-06-30,99543.21428571429
2020-07-01,99543.21428571429
2020-07-02,99543.21428571429
2020-07-06,99543.21428571429
2020-07-07,99543.21428571429
2020-07-08,99543.21428571429
2020-07-09,99543.21428571429
2020-07-10,99543.21428571429
2020-07-13,99543.21428571429
2020-07-14,99543.21428571429
2020-07-15,99543.21428571429
2020-07-16,99543.21428571429
2020-07-17,99402.71428571429
2020-07-20,99402.71428571429
2020-07-21,99402.71428571429
2020-07-22,99402.71428571429
2020-07-23,99402.71428571429
2020-07-24,99224.71428571429
2020-07-27,99224.71428571429
2020-07-28,99224.71428571429
2020-07-29,99224.71428571429
2020-07-30,99224.71428571429
2020-07-31,99224.71428571429
2020-08-03,99224.71428571429
2020-08-04,99224.71428571429
2020-08-05,99224.71428571429
2020-08-06,99224.71428571429
2020-08-07,99224.71428571429
2020-08-10,99224.71428571429
2020-08-11,99224.71428571429
2020-08-12,99224.71428571429
2020-08-13,98834.21428571429
2020-08-14,98834.21428571429
2020-08-17,98834.21428571429
2020-08-18,98743.71428571429
2020-08-19,98743.71428571429
2020-08-20,98743.71428571429
2020-08-21,98743.71428571429
2020-08-24,98503.21428571429
2020-08-25,98503.21428571429
2020-08-26,98503.21428571429
2020-08-27,98503.21428571429
2020-08-28,98503.21428571429
2020-08-31,98503.21428571429
2020-09-01,98503.21428571429
2020-09-02,98503.21428571429
2020-09-03,98503.21428571429
2020-09-04,98503.21428571429
2020-09-08,98503.21428571429
2020-09-09,98503.21428571429
2020-09-10,98503.21428571429
2020-09-11,98503.21428571429
2020-09-14,98503.21428571429
2020-09-15,98503.21428571429
2020-09-16,98503.21428571429
2020-09-17,98503.21428571429
2020-09-18,98503.21428571429
2020-09-21,98503.21428571429
2020-09-22,98503.21428571429
2020-09-23,98503.21428571429
2020-09-24,98503.21428571429
2020-09-25,98503.21428571429
2020-09-28,98503.21428571429
2020-09-29,98503.21428571429
2020-09-30,98503.21428571429
2020-10-01,98503.21428571429
2020-10-02,98503.21428571429
2020-10-05,98503.21428571429
2020-10-06,98503.21428571429
2020-10-07,98503.21428571429
2020-10-08,98503.21428571429
2020-10-09,98503.21428571429
2020-10-12,98503.21428571429
2020-10-13,98503.21428571429
2020-10-14,98503.21428571429
2020-10-15,99125.21428571429
2020-10-16,99125.21428571429
2020-10-19,99125.21428571429
2020-10-20,99125.21428571429
2020-10-21,99125.21428571429
2020-10-22,99125.21428571429
2020-10-23,99125.21428571429
2020-10-26,99125.21428571429
2020-10-27,99125.21428571429
2020-10-28,99125.21428571429
2020-10-29,99125.21428571429
2020-10-30,99125.21428571429
2020-11-02,99125.21428571429
2020-11-03,99125.21428571429
2020-11-04,99125.21428571429
2020-11-05,99125.21428571429
2020-11-06,99125.21428571429
2020-11-09,99125.21428571429
2020-11-10,99125.21428571429
2020-11-11,100059.71428571429
2020-11-12,100059.71428571429
2020-11-13,100059.71428571429
2020-11-16,100059.71428571429
2020-11-17,100059.71428571429
2020-11-18,100059.71428571429
2020-11-19,100059.71428571429
2020-11-20,100059.71428571429
2020-11-23,100059.71428571429
2020-11-24,100059.71428571429
2020-11-25,100059.71428571429
2020-11-27,100059.71428571429
2020-11-30,100059.71428571429
2020-12-01,100059.71428571429
2020-12-02,100059.71428571429
2020-12-03,100059.71428571429
2020-12-04,100059.71428571429
2020-12-07,100059.71428571429
2020-12-08,100059.71428571429
2020-12-09,100059.71428571429
2020-12-10,100059.71428571429
2020-12-11,100856.71428571429
2020-12-14,100856.71428571429
2020-12-15,100856.71428571429
2020-12-16,100856.71428571429
2020-12-17,100856.71428571429
2020-12-18,100856.71428571429
2020-12-21,100856.71428571429
2020-12-22,100856.71428571429
2020-12-23,100856.71428571429
2020-12-24,102441.21428571429
2020-12-28,102441.21428571429
2020-12-29,102441.21428571429
2020-12-30,102441.21428571429
2020-12-31,102441.21428571429
2021-01-04,102441.21428571429
2021-01-05,102441.21428571429
2021-01-06,102441.21428571429
2021-01-07,102441.21428571429
2021-01-08,102441.21428571429
2021-01-11,102441.21428571429
2021-01-12,102441.21428571429
2021-01-13,102441.21428571429
2021-01-14,102441.21428571429
2021-01-15,102441.21428571429
2021-01-19,102441.21428571429
2021-01-20,102441.21428571429
2021-01-21,102441.21428571429
2021-01-22,102441.21428571429
2021-01-25,102441.21428571429
2021-01-26,102441.21428571429
2021-01-27,102441.21428571429
2021-01-28,102441.21428571429
2021-01-29,104213.21428571429
2021-02-01,104213.21428571429
2021-02-02,104213.21428571429
2021-02-03,104213.21428571429
2021-02-04,104110.21428571429
2021-02-05,104110.21428571429
2021-02-08,104110.21428571429
2021-02-09,103732.21428571429
2021-02-10,103732.21428571429
2021-02-11,103732.21428571429
2021-02-12,103732.21428571429
2021-02-16,103732.21428571429
2021-02-17,103732.21428571429
2021-02-18,103732.21428571429
2021-02-19,103732.21428571429
2021-02-22,103732.21428571429
2021-02-23,103732.21428571429
2021-02-24,103732.21428571429
2021-02-25,103732.21428571429
2021-02-26,103732.21428571429
2021-03-01,103732.21428571429
2021-03-02,103732.21428571429
2021-03-03,103732.21428571429
2021-03-04,103732.21428571429
2021-03-05,103732.21428571429
2021-03-08,103732.21428571429
2021-03-09,103732.21428571429
2021-03-10,103732.21428571429
2021-03-11,104754.21428571429
2021-03-12,104754.21428571429
2021-03-15,104754.21428571429
2021-03-16,104754.21428571429
2021-03-17,104754.21428571429
2021-03-18,104754.21428571429
2021-03-19,105163.71428571429
2021-03-22,105163.71428571429
2021-03-23,105163.71428571429
2021-03-24,105163.71428571429
2021-03-25,105035.71428571429
2021-03-26,105035.71428571429
2021-03-29,105035.71428571429
2021-03-30,105035.71428571429
2021-03-31,105035.71428571429
2021-04-01,105035.71428571429
2021-04-05,105035.71428571429
2021-04-06,105035.71428571429
2021-04-07,105070.21428571429
2021-04-08,105070.21428571429
2021-04-09,105070.21428571429
2021-04-12,105070.21428571429
2021-04-13,105070.21428571429
2021-04-14,105070.21428571429
2021-04-15,105070.21428571429
2021-04-16,105070.21428571429
2021-04-19,105070.21428571429
2021-04-20,105070.21428571429
2021-04-21,105070.21428571429
2021-04-22,108729.71428571429
2021-04-23,108729.71428571429
2021-04-26,108729.71428571429
2021-04-27,108729.71428571429
2021-04-28,108729.71428571429
2021-04-29,108729.71428571429
2021-04-30,108729.71428571429
2021-05-03,108729.71428571429
2021-05-04,108729.71428571429
2021-05-05,108729.71428571429
2021-05-06,108729.71428571429
2021-05-07,108729.71428571429
2021-05-10,108729.71428571429
2021-05-11,108729.71428571429
2021-05-12,108729.71428571429
2021-05-13,108729.71428571429
2021-05-14,108729.71428571429
2021-05-17,108729.71428571429
2021-05-18,108729.71428571429
2021-05-19,108729.71428571429
2021-05-20,108729.71428571429
2021-05-21,108729.71428571429
2021-05-24,108729.71428571429
2021-05-25,108729.71428571429
2021-05-26,105701.71428571429
2021-05-27,105701.71428571429
2021-05-28,105701.71428571429
2021-06-01,105701.71428571429
2021-06-02,105701.71428571429
2021-06-03,105701.71428571429
2021-06-04,105701.71428571429
2021-06-07,105701.71428571429
2021-06-08,105701.71428571429
2021-06-09,105701.71428571429
2021-06-10,105701.71428571429
2021-06-11,105701.71428571429
2021-06-14,105701.71428571429
2021-06-15,105701.71428571429
2021-06-16,105701.71428571429
2021-06-17,105701.71428571429
2021-06-18,106811.21428571429
2021-06-21,106811.21428571429
2021-06-22,106811.21428571429
2021-06-23,106811.21428571429
2021-06-24,106811.21428571429
2021-06-25,106811.21428571429
2021-06-28,106811.21428571429
2021-06-29,106811.21428571429
2021-06-30,106811.21428571429
2021-07-01,106811.21428571429
2021-07-02,106811.21428571429
2021-07-06,106811.21428571429
2021-07-07,103433.21428571429
2021-07-08,103433.21428571429
2021-07-09,103433.21428571429
2021-07-12,103433.21428571429
2021-07-13,103433.21428571429
2021-07-14,103433.21428571429
2021-07-15,103433.21428571429
2021-07-16,103017.71428571429
2021-07-19,103017.71428571429
2021-07-20,103017.71428571429
2021-07-21,103017.71428571429
2021-07-22,103017.71428571429
2021-07-23,103017.71428571429
2021-07-26,103017.71428571429
2021-07-27,103017.71428571429
2021-07-28,103017.71428571429
2021-07-29,103017.71428571429
2021-07-30,103017.71428571429
2021-08-02,103017.71428571429
2021-08-03,103017.71428571429
2021-08-04,103017.71428571429
2021-08-05,103017.71428571429
2021-08-06,103017.71428571429
2021-08-09,103017.71428571429
2021-08-10,103017.71428571429
2021-08-11,103017.71428571429
2021-08-12,103017.71428571429
2021-08-13,103017.71428571429
2021-08-16,103017.71428571429
2021-08-17,103017.71428571429
2021-08-18,103017.71428571429
2021-08-19,103017.71428571429
2021-08-20,103017.71428571429
2021-08-23,103017.71428571429
2021-08-24,103017.71428571429
2021-08-25,103017.71428571429
2021-08-26,103017.71428571429
2021-08-27,103017.71428571429
2021-08-30,103017.71428571429
2021-08-31,103017.71428571429
2021-09-01,103017.71428571429
2021-09-02,103017.71428571429
2021-09-03,103017.71428571429
2021-09-07,103017.71428571429
2021-09-08,103017.71428571429
2021-09-09,103017.71428571429
2021-09-10,103017.71428571429
2021-09-13,103017.71428571429
2021-09-14,103017.71428571429
2021-09-15,101396.85714285714
2021-09-16,101396.85714285714
2021-09-17,101396.85714285714
2021-09-20,101396.85714285714
2021-09-21,101396.85714285714
2021-09-22,101396.85714285714
2021-09-23,101396.85714285714
2021-09-24,101396.85714285714
2021-09-27,101396.85714285714
2021-09-28,101396.85714285714
2021-09-29,101396.85714285714
2021-09-30,101231.35714285714
2021-10-01,101231.35714285714
2021-10-04,101231.35714285714
2021-10-05,101231.35714285714
2021-10-06,101231.35714285714
2021-10-07,101231.35714285714
2021-10-08,101231.35714285714
2021-10-11,101231.35714285714
2021-10-12,101231.35714285714
2021-10-13,101231.35714285714
2021-10-14,101231.35714285714
2021-10-15,101231.35714285714
2021-10-18,101231.35714285714
2021-10-19,101003.35714285714
2021-10-20,101003.35714285714
2021-10-21,101003.35714285714
2021-10-22,101003.35714285714
2021-10-25,101003.35714285714
2021-10-26,101003.35714285714
2021-10-27,101003.35714285714
2021-10-28,101003.35714285714
2021-10-29,101003.35714285714
2021-11-01,101003.35714285714
2021-11-02,101003.35714285714
2021-11-03,101003.35714285714
2021-11-04,101003.35714285714
2021-11-05,101003.35714285714
2021-11-08,101003.35714285714
2021-11-09,101003.35714285714
2021-11-10,101003.35714285714
2021-11-11,101003.35714285714
2021-11-12,101003.35714285714
2021-11-15,101003.35714285714
2021-11-16,101003.35714285714
2021-11-17,101003.35714285714
2021-11-18,101003.35714285714
2021-11-19,101003.35714285714
2021-11-22,101003.35714285714
2021-11-23,101003.35714285714
2021-11-24,101003.35714285714
2021-11-26,101003.35714285714
2021-11-29,101003.35714285714
2021-11-30,101003.35714285714
2021-12-01,101003.35714285714
2021-12-02,101003.35714285714
2021-12-03,101003.35714285714
2021-12-06,101003.35714285714
2021-12-07,101003.35714285714
2021-12-08,101003.35714285714
2021-12-09,101003.35714285714
2021-12-10,101003.35714285714
2021-12-13,101003.35714285714
2021-12-14,101003.35714285714
2021-12-15,101003.35714285714
2021-12-16,101003.35714285714
2021-12-17,101003.35714285714
2021-12-20,101003.35714285714
2021-12-21,101003.35714285714
2021-12-22,101003.35714285714
2021-12-23,101003.35714285714
2021-12-27,101003.35714285714
2021-12-28,101003.35714285714
2021-12-29,101003.35714285714
2021-12-30,101003.35714285714
2021-12-31,101003.35714285714
2022-01-03,101003.35714285714
2022-01-04,101003.35714285714
2022-01-05,101003.35714285714
2022-01-06,101003.35714285714
2022-01-07,101003.35714285714
2022-01-10,101003.35714285714
2022-01-11,101003.35714285714
2022-01-12,101003.35714285714
2022-01-13,101003.35714285714
2022-01-14,101003.35714285714
2022-01-18,101003.35714285714
2022-01-19,101003.35714285714
2022-01-20,101003.35714285714
2022-01-21,101003.35714285714
2022-01-24,101003.35714285714
2022-01-25,101003.35714285714
2022-01-26,101003.35714285714
2022-01-27,101003.35714285714
2022-01-28,101003.35714285714
2022-01-31,101003.35714285714
2022-02-01,101003.35714285714
2022-02-02,101003.35714285714
2022-02-03,101003.35714285714
2022-02-04,101003.35714285714
2022-02-07,101003.35714285714
2022-02-08,101003.35714285714
2022-02-09,101003.35714285714
2022-02-10,101003.35714285714
2022-02-11,101003.35714285714
2022-02-14,101003.35714285714
2022-02-15,101003.35714285714
2022-02-16,101003.35714285714
2022-02-17,101003.35714285714
2022-02-18,101003.35714285714
2022-02-22,101003.35714285714
2022-02-23,101003.35714285714
2022-02-24,104912.85714285714
2022-02-25,104912.85714285714
2022-02-28,104912.85714285714
2022-03-01,104912.85714285714
2022-03-02,106984.85714285714
2022-03-03,106984.85714285714
2022-03-04,106984.85714285714
2022-03-07,106984.85714285714
2022-03-08,106984.85714285714
2022-03-09,106984.85714285714
2022-03-10,106984.85714285714
2022-03-11,106984.85714285714
2022-03-14,105506.85714285714
2022-03-15,105506.85714285714
2022-03-16,105506.85714285714
2022-03-17,105506.85714285714
2022-03-18,105506.85714285714
2022-03-21,105506.85714285714
2022-03-22,105506.85714285714
2022-03-23,105506.85714285714
2022-03-24,105506.85714285714
2022-03-25,105506.85714285714
2022-03-28,105506.85714285714
2022-03-29,105506.85714285714
2022-03-30,105506.85714285714
2022-03-31,105041.35714285714
2022-04-01,105041.35714285714
2022-04-04,105813.35714285714
2022-04-05,105813.35714285714
2022-04-06,105813.35714285714
2022-04-07,105813.35714285714
2022-04-08,105813.35714285714
2022-04-11,105813.35714285714
2022-04-12,106797.85714285714
2022-04-13,106797.85714285714
2022-04-14,106797.85714285714
2022-04-18,106797.85714285714
2022-04-19,106797.85714285714
2022-04-20,106797.85714285714
2022-04-21,106797.85714285714
2022-04-22,106797.85714285714
2022-04-25,106797.85714285714
2022-04-26,106797.85714285714
2022-04-27,106797.85714285714
2022-04-28,106797.85714285714
2022-04-29,106797.85714285714
2022-05-02,106797.85714285714
2022-05-03,106797.85714285714
2022-05-04,106797.85714285714
2022-05-05,106797.85714285714
2022-05-06,106797.85714285714
2022-05-09,106797.85714285714
2022-05-10,106797.85714285714
2022-05-11,106797.85714285714
2022-05-12,106797.85714285714
2022-05-13,106797.85714285714
2022-05-16,106797.85714285714
2022-05-17,106797.85714285714
2022-05-18,106694.85714285714
2022-05-19,106694.85714285714
2022-05-20,106694.85714285714
2022-05-23,106694.85714285714
2022-05-24,106694.85714285714
2022-05-25,106694.85714285714
2022-05-26,106694.85714285714
2022-05-27,106694.85714285714
2022-05-31,106694.85714285714
2022-06-01,106694.85714285714
2022-06-02,106694.85714285714
2022-06-03,106694.85714285714
2022-06-06,106694.85714285714
2022-06-07,106694.85714285714
2022-06-08,106694.85714285714
2022-06-09,106694.85714285714
2022-06-10,106694.85714285714
2022-06-13,106694.85714285714
2022-06-14,106694.85714285714
2022-06-15,106694.85714285714
2022-06-16,106694.85714285714
2022-06-17,106694.85714285714
2022-06-21,106694.85714285714
2022-06-22,107054.35714285714
2022-06-23,107054.35714285714
2022-06-24,107054.35714285714
2022-06-27,107054.35714285714
2022-06-28,107054.35714285714
2022-06-29,107054.35714285714
2022-06-30,107054.35714285714
2022-07-01,107054.35714285714
2022-07-05,107054.35714285714
2022-07-06,107054.35714285714
2022-07-07,107054.35714285714
2022-07-08,107054.35714285714
2022-07-11,107054.35714285714
2022-07-12,107054.35714285714
2022-07-13,104988.85714285714
2022-07-14,104988.85714285714
2022-07-15,104988.85714285714
2022-07-18,104988.85714285714
2022-07-19,104988.85714285714
2022-07-20,104988.85714285714
2022-07-21,104988.85714285714
2022-07-22,104988.85714285714
2022-07-25,104988.85714285714
2022-07-26,104988.85714285714
2022-07-27,104988.85714285714
2022-07-28,104988.85714285714
2022-07-29,104988.85714285714
2022-08-01,104988.85714285714
2022-08-02,104988.85714285714
2022-08-03,104988.85714285714
2022-08-04,104988.85714285714
2022-08-05,104988.85714285714
2022-08-08,104988.85714285714
2022-08-09,104988.85714285714
2022-08-10,104988.85714285714
2022-08-11,104988.85714285714
2022-08-12,104988.85714285714
2022-08-15,104988.85714285714
2022-08-16,104988.85714285714
2022-08-17,104988.85714285714
2022-08-18,104988.85714285714
2022-08-19,104988.85714285714
2022-08-22,104988.85714285714
2022-08-23,104988.85714285714
2022-08-24,104988.85714285714
2022-08-25,104988.85714285714
2022-08-26,104988.85714285714
2022-08-29,104988.85714285714
2022-08-30,104988.85714285714
2022-08-31,104988.85714285714
2022-09-01,104988.85714285714
2022-09-02,104988.85714285714
2022-09-06,104988.85714285714
2022-09-07,104988.85714285714
2022-09-08,104988.85714285714
2022-09-09,104988.85714285714
2022-09-12,104988.85714285714
2022-09-13,104988.85714285714
2022-09-14,104988.85714285714
2022-09-15,104988.85714285714
2022-09-16,104988.85714285714
2022-09-19,104988.85714285714
2022-09-20,104988.85714285714
2022-09-21,104988.85714285714
2022-09-22,104988.85714285714
2022-09-23,104988.85714285714
2022-09-26,104988.85714285714
2022-09-27,104988.85714285714
2022-09-28,104988.85714285714
2022-09-29,104988.85714285714
2022-09-30,104988.85714285714
2022-10-03,104988.85714285714
2022-10-04,104988.85714285714
2022-10-05,104988.85714285714
2022-10-06,104988.85714285714
2022-10-07,104988.85714285714
2022-10-10,104988.85714285714
2022-10-11,104988.85714285714
2022-10-12,104988.85714285714
2022-10-13,104988.85714285714
2022-10-14,104988.85714285714
2022-10-17,104988.85714285714
2022-10-18,104988.85714285714
2022-10-19,104988.85714285714
2022-10-20,104988.85714285714
2022-10-21,104988.85714285714
2022-10-24,104988.85714285714
2022-10-25,104988.85714285714
2022-10-26,104988.85714285714
2022-10-27,104988.85714285714
2022-10-28,104988.85714285714
2022-10-31,104988.85714285714
2022-11-01,104988.85714285714
2022-11-02,104988.85714285714
2022-11-03,104988.85714285714
2022-11-04,104988.85714285714
2022-11-07,105248.35714285714
2022-11-08,105248.35714285714
2022-11-09,105248.35714285714
2022-11-10,105248.35714285714
2022-11-11,105248.35714285714
2022-11-14,105248.35714285714
2022-11-15,105248.35714285714
2022-11-16,105248.35714285714
2022-11-17,105248.35714285714
2022-11-18,105248.35714285714
2022-11-21,105248.35714285714
2022-11-22,105248.35714285714
2022-11-23,105248.35714285714
2022-11-25,105248.35714285714
2022-11-28,105248.35714285714
2022-11-29,105248.35714285714
2022-11-30,105248.35714285714
2022-12-01,105248.35714285714
2022-12-02,105248.35714285714
2022-12-05,107182.85714285714
2022-12-06,107182.85714285714
2022-12-07,107182.85714285714
2022-12-08,107182.85714285714
2022-12-09,107182.85714285714
2022-12-12,107182.85714285714
2022-12-13,107182.85714285714
2022-12-14,107182.85714285714
2022-12-15,107182.85714285714
2022-12-16,107182.85714285714
2022-12-19,107182.85714285714
2022-12-20,107182.85714285714
2022-12-21,107182.85714285714
2022-12-22,105892.35714285714
2022-12-23,105892.35714285714
2022-12-27,105892.35714285714
2022-12-28,105892.35714285714
2022-12-29,105892.35714285714
2022-12-30,105892.35714285714
2023-01-03,105892.35714285714
2023-01-04,105892.35714285714
2023-01-05,105892.35714285714
2023-01-06,105892.35714285714
2023-01-09,105892.35714285714
2023-01-10,105892.35714285714
2023-01-11,105892.35714285714
2023-01-12,105892.35714285714
2023-01-13,105892.35714285714
2023-01-17,105892.35714285714
2023-01-18,105892.35714285714
2023-01-19,105892.35714285714
2023-01-20,105892.35714285714
2023-01-23,105892.35714285714
2023-01-24,105892.35714285714
2023-01-25,105892.35714285714
2023-01-26,105892.35714285714
2023-01-27,105892.35714285714
2023-01-30,105892.35714285714
2023-01-31,105892.35714285714
2023-02-01,105892.35714285714
2023-02-02,105892.35714285714
2023-02-03,105892.35714285714
2023-02-06,105892.35714285714
2023-02-07,105892.35714285714
2023-02-08,105892.35714285714
2023-02-09,105892.35714285714
2023-02-10,105892.35714285714
2023-02-13,105892.35714285714
2023-02-14,105892.35714285714
2023-02-15,105892.35714285714
2023-02-16,105892.35714285714
2023-02-17,105892.35714285714
2023-02-21,105892.35714285714
2023-02-22,105892.35714285714
2023-02-23,105892.35714285714
2023-02-24,105892.35714285714
2023-02-27,105892.35714285714
2023-02-28,105892.35714285714
2023-03-01,106364.35714285714
2023-03-02,106364.35714285714
2023-03-03,106364.35714285714
2023-03-06,106364.35714285714
2023-03-07,106364.35714285714
2023-03-08,106364.35714285714
2023-03-09,106364.35714285714
2023-03-10,107036.35714285714
2023-03-13,107036.35714285714
2023-03-14,107036.35714285714
2023-03-15,107036.35714285714
2023-03-16,107036.35714285714
2023-03-17,107036.35714285714
2023-03-20,107036.35714285714
2023-03-21,107036.35714285714
2023-03-22,107036.35714285714
2023-03-23,107036.35714285714
2023-03-24,107036.35714285714
2023-03-27,107036.35714285714
2023-03-28,107036.35714285714
2023-03-29,105733.35714285714
2023-03-30,105733.35714285714
2023-03-31,105733.35714285714
2023-04-03,105733.35714285714
2023-04-04,105733.35714285714
2023-04-05,105733.35714285714
2023-04-06,105733.35714285714
2023-04-10,105733.35714285714
2023-04-11,105733.35714285714
2023-04-12,105733.35714285714
2023-04-13,105733.35714285714
2023-04-14,105733.35714285714
2023-04-17,105733.35714285714
2023-04-18,105733.35714285714
2023-04-19,105733.35714285714
2023-04-20,105733.35714285714
2023-04-21,105733.35714285714
2023-04-24,105733.35714285714
2023-04-25,105733.35714285714
2023-04-26,105733.35714285714
2023-04-27,105733.35714285714
2023-04-28,105733.35714285714
2023-05-01,105733.35714285714
2023-05-02,105733.35714285714
2023-05-03,105733.35714285714
2023-05-04,105733.35714285714
2023-05-05,104417.85714285714
2023-05-08,104417.85714285714
2023-05-09,104417.85714285714
2023-05-10,104417.85714285714
2023-05-11,105064.85714285714
2023-05-12,105064.85714285714
2023-05-15,107220.78571428571
2023-05-16,107780.28571428571
2023-05-17,107780.28571428571
2023-05-18,107780.28571428571
2023-05-19,107780.28571428571
2023-05-22,107780.28571428571
2023-05-23,107780.28571428571
2023-05-24,107780.28571428571
2023-05-25,107780.28571428571
2023-05-26,107780.28571428571
2023-05-30,107780.28571428571
2023-05-31,107780.28571428571
2023-06-01,107780.28571428571
2023-06-02,107780.28571428571
2023-06-05,107780.28571428571
2023-06-06,107780.28571428571
2023-06-07,107780.28571428571
2023-06-08,107780.28571428571
2023-06-09,107780.28571428571
2023-06-12,107780.28571428571
2023-06-13,107780.28571428571
2023-06-14,107780.28571428571
2023-06-15,105489.78571428571
2023-06-16,105489.78571428571
2023-06-20,105489.78571428571
2023-06-21,105489.78571428571
2023-06-22,105489.78571428571
2023-06-23,105489.78571428571
2023-06-26,105489.78571428571
2023-06-27,105489.78571428571
2023-06-28,105489.78571428571
2023-06-29,105489.78571428571
2023-06-30,105489.78571428571
2023-07-03,105489.78571428571
2023-07-05,105489.78571428571
2023-07-06,105489.78571428571
2023-07-07,105489.78571428571
2023-07-10,105489.78571428571
2023-07-11,105489.78571428571
2023-07-12,105489.78571428571
2023-07-13,105489.78571428571
2023-07-14,105489.78571428571
2023-07-17,108376.96428571428
2023-07-18,108376.96428571428
2023-07-19,108376.96428571428
2023-07-20,108376.96428571428
2023-07-21,108376.96428571428
2023-07-24,108376.96428571428
2023-07-25,108376.96428571428
2023-07-26,108376.96428571428
2023-07-27,108376.96428571428
2023-07-28,108376.96428571428
2023-07-31,108376.96428571428
2023-08-01,108376.96428571428
2023-08-02,108376.96428571428
2023-08-03,108376.96428571428
2023-08-04,108376.96428571428
2023-08-07,108376.96428571428
2023-08-08,108376.96428571428
2023-08-09,108376.96428571428
2023-08-10,108376.96428571428
2023-08-11,108376.96428571428
2023-08-14,108376.96428571428
2023-08-15,108376.96428571428
2023-08-16,108376.96428571428
2023-08-17,108376.96428571428
2023-08-18,108376.96428571428
2023-08-21,108376.96428571428
2023-08-22,108376.96428571428
2023-08-23,108376.96428571428
2023-08-24,108376.96428571428
2023-08-25,108376.96428571428
2023-08-28,108376.96428571428
2023-08-29,108376.96428571428
2023-08-30,108376.96428571428
2023-08-31,108376.96428571428
2023-09-01,108376.96428571428
2023-09-05,108376.96428571428
2023-09-06,108376.96428571428
2023-09-07,108376.96428571428
2023-09-08,108376.96428571428
2023-09-11,108376.96428571428
2023-09-12,108376.96428571428
2023-09-13,108376.96428571428
2023-09-14,108376.96428571428
2023-09-15,109390.03571428571
2023-09-18,109624.53571428571
2023-09-19,109624.53571428571
2023-09-20,109624.53571428571
2023-09-21,109671.53571428571
2023-09-22,109671.53571428571
2023-09-25,109671.53571428571
2023-09-26,109671.53571428571
2023-09-27,109671.53571428571
2023-09-28,109671.53571428571
2023-09-29,109671.53571428571
2023-10-02,109671.53571428571
2023-10-03,109671.53571428571
2023-10-04,109671.53571428571
2023-10-05,109671.53571428571
2023-10-06,109671.53571428571
2023-10-09,109671.53571428571
2023-10-10,109671.53571428571
2023-10-11,109671.53571428571
2023-10-12,109671.53571428571
2023-10-13,109671.53571428571
2023-10-16,109671.53571428571
2023-10-17,109671.53571428571
2023-10-18,109671.53571428571
2023-10-19,109671.53571428571
2023-10-20,109671.53571428571
2023-10-23,109671.53571428571
2023-10-24,109671.53571428571
2023-10-25,109671.53571428571
2023-10-26,109671.53571428571
2023-10-27,109671.53571428571
2023-10-30,109671.53571428571
2023-10-31,109671.53571428571
2023-11-01,109671.53571428571
2023-11-02,109671.53571428571
2023-11-03,109671.53571428571
2023-11-06,109671.53571428571
2023-11-07,109671.53571428571
2023-11-08,109671.53571428571
2023-11-09,109671.53571428571
2023-11-10,109671.53571428571
2023-11-13,109671.53571428571
2023-11-14,109671.53571428571
2023-11-15,109671.53571428571
2023-11-16,109671.53571428571
2023-11-17,109671.53571428571
2023-11-20,109671.53571428571
2023-11-21,109671.53571428571
2023-11-22,109671.53571428571
2023-11-24,109671.53571428571
2023-11-27,109671.53571428571
2023-11-28,109671.53571428571
2023-11-29,109671.53571428571
2023-11-30,109671.53571428571
2023-12-01,109671.53571428571
2023-12-04,109671.53571428571
2023-12-05,109671.53571428571
2023-12-06,109671.53571428571
2023-12-07,109671.53571428571
2023-12-08,109671.53571428571
2023-12-11,109671.53571428571
2023-12-12,109671.53571428571
2023-12-13,109671.53571428571
2023-12-14,109671.53571428571
2023-12-15,109807.82142857142
2023-12-18,110104.82142857142
2023-12-19,110104.82142857142
2023-12-20,110104.82142857142
2023-12-21,110104.82142857142
2023-12-22,110104.82142857142
2023-12-26,110104.82142857142
2023-12-27,110104.82142857142
2023-12-28,110104.82142857142
2023-12-29,110104.82142857142
2024-01-02,110104.82142857142
2024-01-03,110104.82142857142
2024-01-04,110104.82142857142
2024-01-05,110104.82142857142
2024-01-08,110104.82142857142
2024-01-09,110104.82142857142
2024-01-10,110104.82142857142
2024-01-11,110104.82142857142
2024-01-12,110104.82142857142
2024-01-16,110104.82142857142
2024-01-17,110104.82142857142
2024-01-18,110104.82142857142
2024-01-19,110104.82142857142
2024-01-22,110104.82142857142
2024-01-23,110104.82142857142
2024-01-24,110104.82142857142
2024-01-25,110104.82142857142
2024-01-26,110104.82142857142
2024-01-29,110104.82142857142
2024-01-30,110104.82142857142
2024-01-31,110104.82142857142
2024-02-01,110104.82142857142
2024-02-02,110104.82142857142
2024-02-05,110104.82142857142
2024-02-06,110104.82142857142
2024-02-07,110104.82142857142
2024-02-08,110104.82142857142
2024-02-09,110104.82142857142
2024-02-12,111326.82142857142
2024-02-13,111326.82142857142
2024-02-14,111326.82142857142
2024-02-15,111973.82142857142
2024-02-16,111973.82142857142
2024-02-20,111973.82142857142
2024-02-21,111973.82142857142
2024-02-22,111973.82142857142
2024-02-23,111973.82142857142
2024-02-26,111973.82142857142
2024-02-27,111973.82142857142
2024-02-28,111973.82142857142
2024-02-29,111973.82142857142
2024-03-01,111973.82142857142
2024-03-04,111973.82142857142
2024-03-05,111973.82142857142
2024-03-06,111973.82142857142
2024-03-07,111973.82142857142
2024-03-08,111973.82142857142
2024-03-11,111973.82142857142
2024-03-12,111973.82142857142
2024-03-13,111308.32142857142
2024-03-14,111308.32142857142
2024-03-15,110530.32142857142
2024-03-18,110564.82142857142
2024-03-19,110564.82142857142
2024-03-20,110564.82142857142
2024-03-21,110564.82142857142
2024-03-22,110564.82142857142
2024-03-25,110564.82142857142
2024-03-26,110564.82142857142
2024-03-27,110564.82142857142
2024-03-28,110564.82142857142
2024-04-01,110564.82142857142
2024-04-02,110564.82142857142
2024-04-03,110564.82142857142
2024-04-04,110564.82142857142
2024-04-05,110564.82142857142
2024-04-08,110564.82142857142
2024-04-09,110564.82142857142
2024-04-10,110564.82142857142
2024-04-11,110564.82142857142
2024-04-12,110564.82142857142
2024-04-15,110564.82142857142
2024-04-16,110564.82142857142
2024-04-17,110564.82142857142
2024-04-18,110564.82142857142
2024-04-19,110564.82142857142
2024-04-22,110564.82142857142
2024-04-23,110564.82142857142
2024-04-24,110564.82142857142
2024-04-25,110564.82142857142
2024-04-26,110564.82142857142
2024-04-29,110564.82142857142
2024-04-30,110564.82142857142
2024-05-01,110564.82142857142
2024-05-02,110564.82142857142
2024-05-03,110564.82142857142
2024-05-06,110564.82142857142
2024-05-07,110564.82142857142
2024-05-08,110564.82142857142
2024-05-09,110564.82142857142
2024-05-10,110564.82142857142
2024-05-13,110564.82142857142
2024-05-14,110564.82142857142
2024-05-15,110564.82142857142
2024-05-16,110564.82142857142
2024-05-17,110564.82142857142
2024-05-20,110564.82142857142
2024-05-21,110564.82142857142
2024-05-22,110564.82142857142
2024-05-23,110564.82142857142
2024-05-24,110564.82142857142
2024-05-28,110564.82142857142
2024-05-29,110564.82142857142
2024-05-30,110564.82142857142
2024-05-31,110564.82142857142
2024-06-03,110564.82142857142
2024-06-04,110564.82142857142
2024-06-05,110564.82142857142
2024-06-06,110564.82142857142
2024-06-07,110249.32142857142
2024-06-10,110249.32142857142
2024-06-11,110249.32142857142
2024-06-12,110249.32142857142
2024-06-13,110249.32142857142
2024-06-14,110249.32142857142
2024-06-17,110249.32142857142
2024-06-18,110249.32142857142
2024-06-20,110758.82142857142
2024-06-21,110758.82142857142
2024-06-24,110758.82142857142
2024-06-25,110758.82142857142
2024-06-26,110758.82142857142
2024-06-27,110758.82142857142
2024-06-28,112643.32142857142
2024-07-01,112643.32142857142
2024-07-02,112643.32142857142
2024-07-03,112643.32142857142
2024-07-05,112643.32142857142
2024-07-08,112643.32142857142
2024-07-09,112643.32142857142
2024-07-10,112643.32142857142
2024-07-11,112643.32142857142
2024-07-12,112643.32142857142
2024-07-15,112643.32142857142
2024-07-16,112643.32142857142
2024-07-17,112643.32142857142
2024-07-18,112643.32142857142
2024-07-19,112643.32142857142
2024-07-22,112643.32142857142
2024-07-23,112643.32142857142
2024-07-24,112643.32142857142
2024-07-25,112643.32142857142
2024-07-26,112643.32142857142
2024-07-29,112643.32142857142
2024-07-30,112643.32142857142
2024-07-31,112643.32142857142
2024-08-01,112643.32142857142
2024-08-02,112643.32142857142
2024-08-05,112643.32142857142
2024-08-06,112643.32142857142
2024-08-07,112643.32142857142
2024-08-08,112643.32142857142
2024-08-09,112643.32142857142
2024-08-12,112643.32142857142
2024-08-13,112643.32142857142
2024-08-14,112643.32142857142
2024-08-15,112643.32142857142
2024-08-16,112643.32142857142
2024-08-19,112643.32142857142
2024-08-20,112643.32142857142
2024-08-21,112643.32142857142
2024-08-22,112643.32142857142
2024-08-23,112643.32142857142
2024-08-26,112643.32142857142
2024-08-27,112643.32142857142
2024-08-28,112643.32142857142
2024-08-29,112643.32142857142
2024-08-30,112643.32142857142
2024-09-03,112643.32142857142
2024-09-04,112902.82142857142
2024-09-05,112902.82142857142
2024-09-06,112902.82142857142
2024-09-09,112902.82142857142
2024-09-10,112902.82142857142
2024-09-11,112902.82142857142
2024-09-12,112902.82142857142
2024-09-13,112674.82142857142
2024-09-16,112674.82142857142
2024-09-17,112674.82142857142
2024-09-18,112674.82142857142
2024-09-19,112674.82142857142
2024-09-20,112674.82142857142
2024-09-23,112674.82142857142
2024-09-24,112674.82142857142
2024-09-25,112674.82142857142
2024-09-26,112674.82142857142
2024-09-27,112674.82142857142
2024-09-30,112674.82142857142
2024-10-01,112674.82142857142
2024-10-02,112674.82142857142
2024-10-03,112674.82142857142
2024-10-04,112674.82142857142
2024-10-07,112674.82142857142
2024-10-08,112674.82142857142
2024-10-09,112674.82142857142
2024-10-10,112674.82142857142
2024-10-11,112674.82142857142
2024-10-14,112674.82142857142
2024-10-15,112674.82142857142
2024-10-16,112674.82142857142
2024-10-17,112674.82142857142
2024-10-18,112674.82142857142
2024-10-21,112674.82142857142
2024-10-22,112674.82142857142
2024-10-23,112674.82142857142
2024-10-24,112674.82142857142
2024-10-25,112674.82142857142
2024-10-28,112674.82142857142
2024-10-29,112674.82142857142
2024-10-30,112674.82142857142
2024-10-31,112674.82142857142
2024-11-01,112674.82142857142
2024-11-04,112674.82142857142
2024-11-05,112674.82142857142
2024-11-06,112674.82142857142
2024-11-07,112674.82142857142
2024-11-08,112674.82142857142
2024-11-11,112674.82142857142
2024-11-12,112674.82142857142
2024-11-13,112674.82142857142
2024-11-14,112674.82142857142
2024-11-15,112674.82142857142
2024-11-18,112674.82142857142
2024-11-19,112674.82142857142
2024-11-20,112674.82142857142
2024-11-21,112674.82142857142
2024-11-22,112674.82142857142
2024-11-25,112674.82142857142
2024-11-26,112674.82142857142
2024-11-27,112674.82142857142
2024-11-29,112674.82142857142
2024-12-02,112674.82142857142
2024-12-03,112674.82142857142
2024-12-04,112674.82142857142
2024-12-05,112674.82142857142
2024-12-06,112674.82142857142
2024-12-09,112674.82142857142
2024-12-10,112674.82142857142
2024-12-11,112674.82142857142
2024-12-12,112674.82142857142
2024-12-13,112674.82142857142
2024-12-16,112674.82142857142
2024-12-17,112674.82142857142
2024-12-18,112674.82142857142
2024-12-19,112674.82142857142
2024-12-20,112674.82142857142
2024-12-23,112674.82142857142
2024-12-24,112674.82142857142
2024-12-26,112674.82142857142
2024-12-27,112674.82142857142
2024-12-30,112674.82142857142
2024-12-31,112674.82142857142
2025-01-02,112674.82142857142
2025-01-03,113984.32142857142
2025-01-06,113984.32142857142
2025-01-07,113984.32142857142
2025-01-08,113984.32142857142
2025-01-09,113984.32142857142
2025-01-10,113984.32142857142
2025-01-13,114918.82142857142
2025-01-14,114918.82142857142
2025-01-15,114918.82142857142
2025-01-16,114918.82142857142
2025-01-17,114918.82142857142
2025-01-21,115203.32142857142
2025-01-22,115203.32142857142
2025-01-23,115203.32142857142
2025-01-24,115037.82142857142
2025-01-27,115037.82142857142
2025-01-28,115037.82142857142
2025-01-29,115037.82142857142
2025-01-30,115447.32142857142
2025-01-31,115447.32142857142
2025-02-03,115447.32142857142
2025-02-04,115447.32142857142
2025-02-05,115447.32142857142
2025-02-06,115447.32142857142
2025-02-07,115447.32142857142
2025-02-10,115447.32142857142
2025-02-11,115447.32142857142
2025-02-12,115447.32142857142
2025-02-13,115447.32142857142
2025-02-14,115447.32142857142
2025-02-18,115447.32142857142
2025-02-19,115447.32142857142
2025-02-20,115447.32142857142
2025-02-21,115447.32142857142
2025-02-24,115447.32142857142
2025-02-25,115331.82142857142
2025-02-26,115331.82142857142
2025-02-27,115331.82142857142
2025-02-28,115331.82142857142
2025-03-03,115331.82142857142
2025-03-04,115331.82142857142
2025-03-05,115331.82142857142
2025-03-06,115331.82142857142
2025-03-07,115331.82142857142
2025-03-10,115331.82142857142
2025-03-11,115331.82142857142
2025-03-12,115331.82142857142
2025-03-13,115331.82142857142
2025-03-14,115331.82142857142
2025-03-17,115331.82142857142
2025-03-18,115331.82142857142
2025-03-19,115331.82142857142
2025-03-20,115331.82142857142
2025-03-21,115331.82142857142
2025-03-24,115331.82142857142
2025-03-25,115331.82142857142
2025-03-26,115331.82142857142
2025-03-27,115331.82142857142
2025-03-28,115331.82142857142
2025-03-31,115331.82142857142
2025-04-01,115331.82142857142
2025-04-02,115331.82142857142
2025-04-03,115331.82142857142
2025-04-04,115331.82142857142
2025-04-07,115331.82142857142
2025-04-08,115331.82142857142
2025-04-09,115331.82142857142
2025-04-10,115331.82142857142
2025-04-11,115331.82142857142
2025-04-14,115331.82142857142
2025-04-15,115331.82142857142
2025-04-16,115331.82142857142
2025-04-17,115331.82142857142
2025-04-21,115331.82142857142
2025-04-22,115331.82142857142
2025-04-23,115331.82142857142
2025-04-24,115331.82142857142
2025-04-25,115331.82142857142
2025-04-28,115331.82142857142
2025-04-29,114200.24999999999
2025-04-30,114534.74999999999
2025-05-01,114534.74999999999
2025-05-02,114381.74999999999
2025-05-05,114381.74999999999
2025-05-06,114381.74999999999
2025-05-07,114381.74999999999
2025-05-08,114381.74999999999
2025-05-09,114381.74999999999
2025-05-12,114381.74999999999
2025-05-13,114381.74999999999
2025-05-14,114381.74999999999
2025-05-15,114381.74999999999
2025-05-16,114381.74999999999
2025-05-19,114381.74999999999
2025-05-20,114381.74999999999
2025-05-21,114381.74999999999
2025-05-22,114381.74999999999
2025-05-23,114381.74999999999
2025-05-27,114381.74999999999
2025-05-28,114381.74999999999
2025-05-29,114381.74999999999
2025-05-30,114381.74999999999
2025-06-02,114381.74999999999
2025-06-03,114381.74999999999
2025-06-04,114381.74999999999
2025-06-05,114381.74999999999
2025-06-06,114381.74999999999
2025-06-09,114381.74999999999
2025-06-10,114381.74999999999
2025-06-11,114381.74999999999
2025-06-12,114381.74999999999
2025-06-13,114381.74999999999
2025-06-16,114381.74999999999
2025-06-17,114381.74999999999
2025-06-18,114381.74999999999
2025-06-20,114381.74999999999
2025-06-23,114381.74999999999
2025-06-24,114381.74999999999
2025-06-25,114381.74999999999
2025-06-26,114381.74999999999
2025-06-27,114381.74999999999
2025-06-30,114381.74999999999
2025-07-01,114381.74999999999
2025-07-02,114381.74999999999
2025-07-03,114381.74999999999
2025-07-07,114381.74999999999
2025-07-08,114381.74999999999
2025-07-09,114381.74999999999
2025-07-10,114381.74999999999
2025-07-11,114381.74999999999
2025-07-14,114381.74999999999
2025-07-15,114381.74999999999
2025-07-16,114381.74999999999
2025-07-17,114381.74999999999
2025-07-18,114381.74999999999
2025-07-21,114381.74999999999
2025-07-22,114381.74999999999
2025-07-23,114381.74999999999
2025-07-24,114381.74999999999
2025-07-25,114381.74999999999
2025-07-28,114381.74999999999
2025-07-29,114381.74999999999
2025-07-30,114381.74999999999
2025-07-31,114381.74999999999
2025-08-01,114381.74999999999
2025-08-04,114381.74999999999
2025-08-05,114381.74999999999
2025-08-06,114381.74999999999
2025-08-07,116153.74999999999
2025-08-08,116153.74999999999
2025-08-11,116153.74999999999
2025-08-12,116153.74999999999
2025-08-13,116588.24999999999
2025-08-14,116588.24999999999
2025-08-15,116588.24999999999
2025-08-18,116588.24999999999
2025-08-19,116588.24999999999
2025-08-20,116588.24999999999
2025-08-21,116588.24999999999
2025-08-22,116588.24999999999
2025-08-25,116588.24999999999
2025-08-26,116588.24999999999
2025-08-27,116588.24999999999
2025-08-28,116588.24999999999
2025-08-29,116588.24999999999
2025-09-02,115185.24999999999
2025-09-03,115185.24999999999
2025-09-04,115185.24999999999
2025-09-05,115185.24999999999
2025-09-08,115185.24999999999
2025-09-09,115185.24999999999
2025-09-10,115185.24999999999
2025-09-11,115185.24999999999
2025-09-12,115185.24999999999
2025-09-15,115185.24999999999
2025-09-16,115185.24999999999
2025-09-17,115185.24999999999
2025-09-18,115185.24999999999
2025-09-19,115185.24999999999
2025-09-22,115185.24999999999
2025-09-23,115185.24999999999
2025-09-24,115185.24999999999
2025-09-25,115185.24999999999
2025-09-26,115185.24999999999
2025-09-29,115185.24999999999
2025-09-30,115185.24999999999
2025-10-01,115185.24999999999
2025-10-02,115185.24999999999
2025-10-03,115185.24999999999
2025-10-06,115185.24999999999
2025-10-07,115185.24999999999
2025-10-08,115185.24999999999
2025-10-09,115185.24999999999
2025-10-10,115185.24999999999
2025-10-13,115185.24999999999
2025-10-14,115185.24999999999
2025-10-15,115185.24999999999
2025-10-16,115185.24999999999
2025-10-17,115185.24999999999
2025-10-20,115185.24999999999
2025-10-21,115185.24999999999
2025-10-22,115185.24999999999
2025-10-23,115185.24999999999
2025-10-24,115185.24999999999
2025-10-27,115185.24999999999
2025-10-28,115185.24999999999
2025-10-29,115185.24999999999
2025-10-30,115185.24999999999
2025-10-31,115185.24999999999
2025-11-03,115185.24999999999
2025-11-04,115185.24999999999
2025-11-05,115185.24999999999
2025-11-06,115185.24999999999
2025-11-07,115185.24999999999
2025-11-10,115185.24999999999
2025-11-11,115185.24999999999
2025-11-12,115185.24999999999
2025-11-13,115185.24999999999
2025-11-14,115185.24999999999
2025-11-17,115185.24999999999
2025-11-18,115185.24999999999
2025-11-19,115185.24999999999
2025-11-20,115185.24999999999
2025-11-21,115185.24999999999
2025-11-24,115185.24999999999
2025-11-25,115185.24999999999
2025-11-26,115185.24999999999
2025-11-28,114994.74999999999
2025-12-01,114994.74999999999
2025-12-02,114994.74999999999
2025-12-03,114994.74999999999
2025-12-04,114994.74999999999
2025-12-05,114994.74999999999
2025-12-08,114994.74999999999
2025-12-09,114994.74999999999
2025-12-10,114994.74999999999
2025-12-11,114994.74999999999
2025-12-12,114994.74999999999
2025-12-15,114994.74999999999
2025-12-16,114994.74999999999
2025-12-17,114994.74999999999
2025-12-18,114994.74999999999
2025-12-19,114994.74999999999
2025-12-22,114994.74999999999
2025-12-23,114994.74999999999
2025-12-24,114994.74999999999
2025-12-26,114994.74999999999
2025-12-29,114994.74999999999
2025-12-30,114994.74999999999
2025-12-31,114994.74999999999
